1,freitenbach0@dropbox.com,863344b22f625c1487160479124bcc4a5b3bb780,2017-12-14 16:45:36
2,pwaggett1@newyorker.com,9a5dc5504f8c5f1bff73350f99db4ffa67caf3ac,2018-02-14 05:47:30
3,gnarracott2@chronoengine.com,b12a2e7d9e9f60311e354cf37c44fdab5afb4212,2018-02-09 19:14:23
4,ssomerbell3@bigcartel.com,27ebdf213fd3885d2858da55fbf962086b40be2d,2018-01-30 02:29:31
5,mgarroway4@diigo.com,356100dba88a36ad13455af1a95c84c01982e720,2017-09-15 00:13:07
6,sedens5@spiegel.de,f1c8310c7f1970a52b97f7e8fe7826e6b5f9f5b4,2018-08-07 21:25:19
7,ehalms6@yellowbook.com,39d3622b9cfa29d3d1aff4ad76c4114da5878bb4,2018-04-26 22:50:16
8,jparlet7@pbs.org,ab49101663ac132248030bf70a74fae8dcd16c39,2017-12-13 05:30:23
9,sboissieux8@istockphoto.com,baff4a28f435bbf21f8f993512bb60bb8a29e36b,2018-05-05 23:53:13
10,nspires9@godaddy.com,39b97a5912b56365f3f6af8565162f7a392cb01f,2018-05-05 16:41:51
